{"cameraMode":{"drawMode":0,"name":"Shaded","section":"Shading Mode"},"sceneLighting":true,"audioPlay":false,"sceneViewState":{"showFog":true,"showMaterialUpdate":false,"showSkybox":true,"showFlares":true,"showImageEffects":true,"showParticleSystems":true},"in2DMode":false,"pivot":{"x":-0.005543801933526993,"y":-0.9505147933959961,"z":44.02690887451172},"rotation":{"x":0.08987759798765183,"y":0.0059762015007436279,"z":-0.0005391529412008822,"w":0.995934784412384},"size":55.63837814331055,"orthographic":false}